DE#AIRDATA#Airdata
JP#AU#KDDI
DE#DEBITEL#debitel
DE#O2#O2
DE#TELEKOM#Telekom
DE#VODAFONE#Vodafone
AF#AWCC#AWCC
AF#ETISALAT#Etisalat
AF#MTN#MTN
AF#ROSHAN#Roshan
AF#WASEL#Wasel
AL#EAGLE MOBILE#Eagle Mobile
AL#PLUS COMMUNICATION#Plus Communication
AL#TELEKOM.AL#Telekom
AL#VODAFONE#Vodafone
DZ#DJEZZY#Djezzy
DZ#MOBILIS#Mobilis
DZ#OOREDOO#Ooredoo
AO#MOVICEL#Movicel
AO#UNITEL#Unitel
AG#DIGICEL#Digicel
AG#FLOW#FLOW
AR#CLARO#Claro
AR#MOVISTAR#Movistar
AR#NEXTEL#Nextel
AR#PERSONAL#Personal
AM#BEELINE#Beeline
AM#UCOM#Ucom
AM#VIVACELL-MTS#VivaCell-MTS
AW#DIGICEL#Digicel
AW#SETAR#Setar
AU#AAPT#AAPT
AU#IINET LTD#iiNet
AU#LYCAMOBILE#Lycamobile
AU#OPTUS#Optus
AU#QUEENSLAND RAIL LIMITED#Queensland Rail Limited
AU#TELSTRA#Telstra
AU#VODAFONE#Vodafone
AT#3#3
AT#MASS RESPONSE SERVICE GMBH#Mass Response
AT#T-MOBILE AT#T-Mobile
AT#UPC#UPC
AZ#AZERCELL#Azercell
AZ#BAKCELL#Bakcell
AZ#NAR MOBILE#Nar Mobile
AZ#NAXTEL#Naxtel
BS#BTC#BTC
BH#BATELCO#Batelco
BH#VIVA BAHRAIN#Viva
BH#ZAIN BH#Zain
BD#AIRTEL#Airtel
BD#GRAMEENPHONE#Grameenphone
BD#ROBI#Robi
BD#TELETALK#TeleTalk
BB#DIGICEL#Digicel
BB#FLOW#FLOW
BB#SUNBEACH COMMUNICATIONS#Sunbeach
BY#LIFE#Life Belarus
BY#MTS#MTS
BY#VELCOM#velcom
BE#BASE#Base
BE#ORANGE#Orange
BE#PROXIMUS#Proximus
BZ#DIGICELL#Digicell
BZ#SMART#Smart
BJ#MTN#MTN
BM#CELLONE#Cellone
BT#B-MOBILE#B-Mobile
BT#TASHICELL#TashiCell
BO#ENTEL#Entel
BO#TIGO#Tigo
BO#VIVA#Viva
BA#BH MOBILE#BH Mobile
BA#M:TEL#M:TEL CG
BW#MASCOM#MASCOM
BW#ORANGE#Orange
BR#CLARO#Claro
BR#CONECTA#Conecta
BR#NEXTEL#Nextel
BR#OI#Oi
BR#TIM#TIM
BR#VIVO#Vivo
VG#DIGICEL#Digicel
BN#B-MOBILE#B-Mobile
BN#DSTCOM#DST
BG#BULSATCOM#Bulsatcom
BG#TELENOR#Telenor
BG#VIVACOM#Vivacom
BF#ORANGE#Orange
BF#TELMOB#Telmob
MM#MPT#MPT
MM#OOREDOO#Ooredoo
MM#TELENOR#Telenor
KH#CELLCARD#CellCard
KH#QB#QB
KH#SMART#Smart
CM#ORANGE#Orange
CA#BELL#Bell
CA#BELL MOBILITY VIRGIN MOBILE CANADA#Bell
CA#DMTS#DMTS
CA#EASTLINK#Eastlink
CA#FIDO#Fido
CA#FREEDOM MOBILE#Freedom Mobile
CA#ICE WIRELESS#ICE Wireless
CA#ROGERS WIRELESS#Rogers
CA#SASKTEL#SaskTel
CA#SHAW TELECOM#Shaw Telecom
CA#TELUS#Telus
CA#VIDEOTRON#Videotron
CV#CVMOVEL#Cvmovel
KY#DIGICEL#Digicel
CF#CTP#CTP
CF#TC#TC Telecom
TD#AIRTEL#Airtel
TD#TIGO#Tigo
CL#CLARO#Claro
CL#ENTEL#Entel
CL#MOVISTAR#Movistar
CL#WOM#WOM
CN#CHINA MOBILE#China Mobile
CN#CHINA TELECOM#China Telecom
CN#CHINA UNICOM#China Unicom
CO#AVANTEL#Avantel
CO#CLARO#Claro
CO#DIRECTV COLOMBIA LTDA#Directv
CO#MOVISTAR#Movistar Colombia
CO#TIGO#Tigo
CO#VIRGIN MOBILE#Virgin Mobile
CG#AIRTEL#Airtel
CG#LIBERTIS TELECOM#Libertis
CD#AFRICELL#Africel
CD#ORANGE S.A.#Orange
CD#VODACOM#Vodacom
CK#BLUESKY#BlueSky
CR#CLARO#Claro
CR#KOLBI ICE#Kolbi
CR#MOVISTAR#Movistar
HR#T-MOBILE#T-Mobile
HR#TELE2#Tele2
HR#VIP#VIP
CY#CYTAMOBILE-VODAFONE#Vodafone
CY#LEMONTEL#Lemontel
CY#MTN#MTN
CY#PRIMETEL#PrimeTel
CZ#O2#O2
CZ#T-MOBILE#T-Mobile
CZ#VODAFONE#Vodafone
DK#3#3
DK#TDC#TDC
DK#TELENOR#Telenor
DK#TELIA#Telia
DJ#EVATIS#Evatis
DO#ALTICE#Altice
DO#CLARO#Claro
DO#VIVA#Viva
EC#CLARO#Claro
EC#CNT MOBILE#CNT Mobile
EC#MOVISTAR#Movistar
EG#ETISALAT#Etisalat
EG#ORANGE#Orange
EG#VODAFONE#Vodafone
SV#CLARO#Claro
SV#DIGICEL#Digicel
SV#MOVISTAR#Movistar
SV#TIGO#Tigo
GQ#ORANGE GQ#Orange
ER#ERITEL#Eritel
EE#ELISA#Elisa
EE#TELIA#Telia
ET#MTN#MTN
FO#FAROESE TELECOM#Faroese Telecom
FO#VODAFONE#Vodafone
FJ#DIGICEL#Digicel
FJ#VODAFONE#Vodafone
FI#ALCOM#Alcom
FI#DNA#DNA
FI#ELISA#Elisa
FI#ELISA-SAUNALAHTI#Elisa
FI#SONERA#Sonera
FR#BOUYGUES#Bouygues
FR#CORIOLIS TELECOM#Coriolis Telecom
FR#FREE MOBILE#Free Mobile
FR#NRJ MOBILE#NRJ Mobile
FR#ORANGE#Orange
FR#SFR#SFR
PF#VINI#Vini
GA#AIRTEL#Airtel
GM#AFRICEL#Africel
GM#QCELL#Qcell
GE#A-MOBILE#JV A-Mobile Ltd.
GE#BEELINE#Beeline
GE#GEOCELL#Geocell
GE#MAGTICOM#MagtiCom
GH#AIRTELTIGO#Airtel
GH#GLOBACOM#GLO
GH#MTN#MTN
GH#VODAFONE#Vodafone
GI#GIBTEL#Gibtel
GI#SHINE#Shine
GR#COSMOTE#Cosmote
GR#VODAFONE#Vodafone
GR#WIND#Wind
GT#CLARO#Claro
GT#MOVISTAR#Movistar
GT#TIGO#Tigo
GN#CELLCOM#Cellcom
GN#MTN#MTN
GN#ORANGE#Orange
GW#MTN AREEBA#MTN
GY#DIGICEL#Digicel
HT#DIGICEL#Digicel
HN#CLARO#Claro
HN#TIGO#Tigo
HK#3#3
HK#PCCW MOBILE 3G#3
HK#SMARTONE#SmarTone
HU#T-MOBILE#T-Mobile
HU#TELENOR HUNGARY#Telenor
HU#VODAFONE#Vodafone
IS#NOVA#Nova
IS#SIMINN#Siminn
IS#VIKING#Viking
IS#VODAFONE#Vodafone
IN#AIRCEL#Aircel
IN#AIRTEL#Airtel
IN#CELLONE#Cellone
IN#DISHNET WIRELESS#Dishnet
IN#IDEA#Idea Cellular
IN#JIO#Jio
IN#RELIANCE#Reliance
IN#TATA DOCOMO#Tata DoCoMo
IN#UNINOR#Uninor
IN#VIDEOCON DATACOM#Videocon
IN#VODAFONE INDIA#Vodafone
ID#3#3
ID#CERIA#Ceria
ID#ESIA#esia
ID#INDOSAT OOREDOO#Indosat
ID#TELKOMSEL#Telkomsel
ID#XL#XL
IR#IR-MCI HAMRAH-E-AVVAL#IR-MCI
IR#MTCE ESPADAN#MTCE Espadan
IR#MTN IRANCELL#MTN Irancell
IR#RIGHTEL#RighTel
IR#TKC#TKC
IQ#ASIA CELL#Asia Cell
IQ#KOREK#Korek
IQ#ZAIN#Zain
IE#3#3
IE#EIR#Eir
IE#TESCO MOBILE#Tesco Mobile
IE#VODAFONE#Vodafone
IT#3 ITALIA#3
IT#NOVERCA#Noverca
IT#TIM#TIM
IT#VODAFONE#Vodafone
IT#WIND#Wind
CI#GREENN#Greenn
CI#KOZ#KOZ
CI#MOOV#Moov
CI#MTN#MTN
CI#ORANGE#Orange
JM#DIGICEL#Digicel
JP#NTT DOCOMO#NTT DoCoMo
JP#SOFTBANK#SoftBank
JP#Y!MOBILE#Y!Mobile
JO#ORANGE#Orange
JO#UMNIAH#Umniah
JO#ZAIN JO#Zain
KZ#ALTEL#Altel
KZ#BEELINE#Beeline
KZ#KCELL#Kcell
KZ#TELE2.KZ#Tele2
KE#AIRTEL#Airtel
KE#SAFARICOM#Safaricom
KE#TELKOM#Telkom
KI#KIRIBATI - TSKL#Kiribati
KW#K S C OOREDOO#Ooredoo
KW#VIVA#Viva
KW#ZAIN KW#Zain
KG#BEELINE#Beeline
KG#MEGACOM#Megacom
KG#O!#O!
LA#BEELINE#Beeline
LA#ETL#ETL
LA#UNITEL#Unitel
LV#LMT#LMT
LV#TELE2#Tele2
LV#TRIATEL#Triatel
LV#XOMOBILE#Xomobile
LB#ALFA#Alfa
LB#OGERO MOBILE#Ogero Mobile
LB#TOUCH#touch
LS#ECONET TELECOM#Econet
LS#VODACOM#Vodacom
LI#FL1#FL1
LT#BITE#bite
LT#TELIA#Telia
LU#ORANGE#Orange
LU#POST#Post
LU#TANGO#Tango
MO#CTM#CTM
MO#SMARTONE#SmarTone
MK#TELEKOM.MK#Telekom
MK#VIP#VIP
MG#AIRTEL#Airtel
MG#ORANGE#Orange
MG#TELMA#Telma
MW#AIRTEL#Airtel
MW#TNM#TNM
MY#CELCOM#Celcom
MY#DIGI#DiGi
MY#MAXIS#Maxis
MY#TM HOMELINE#TM Homeline
MY#U MOBILE#U Mobile
MV#DHIRAAGU#Dhiraagu
MV#OOREDOO#Ooredoo
MT#GO#GO
MT#MELITA#Melita
MT#VODAFONE#Vodafone
MX#MOVISTAR#Movistar
MX#TELCEL#Telcel
MX#UNEFON#Unefon
MD#MOLDCELL#Moldcell
MD#ORANGE#Orange
MN#G-MOBILE#G-Mobile
MN#MOBICOM#Mobicom
ME#M:TEL CG#M:TEL CG
ME#T-MOBILE#T-Mobile
ME#TELENOR#Telenor
MA#IAM#IAM
MA#INWI#Inwi
MA#ORANGE MOROCCO#Orange
MZ#MCEL#MCEL
MZ#MOVITEL#Movitel
MZ#VODACOM#Vodacom
NA#MTC#MTC
NA#SWITCH#Switch
NA#TN MOBILE#TN Mobile
NP#NAMASTE / NT MOBILE / SKY PHONE#Namaste / NT Mobile
NP#NCELL#Ncell
NL#KPN#KPN
NL#T-MOBILE#T-Mobile
NL#TELE2#Tele2
NL#VODAFONE#Vodafone
NL#VOICEWORKS#Voiceworks
NL#ZIGGO#Ziggo
NZ#2DEGREES#2degrees
NZ#SPARK#Spark
NZ#TELECOM#Telecom
NZ#VODAFONE#Vodafone
NI#CLARO#Claro
NI#MOVISTAR#Movistar
NE#MOOV#Moov
NG#9MOBILE#9mobile
NG#AIRTEL#Airtel
NG#GLO#GLO
NG#MTN#MTN
NG#SPECTRANET#Spectranet
NG#VISAFONE#Visafone
NO#ICE#Ice
NO#TDC#TDC
NO#TELENOR#Telenor
NO#TELIA#Telia
OM#OMANTEL#Omantel
OM#OOREDOO#Ooredoo
PK#JAZZ#Jazz
PK#TELENOR#Telenor
PK#UFONE#Ufone
PK#ZONG#Zong
PA#CABLE WIRELESS#Cable Wireless
PA#CLARO#Claro
PA#DIGICEL#Digicel
PA#MOVISTAR#Movistar
PG#BMOBILE#bmobile
PG#DIGICEL#Digicel
PY#CLARO/HUTCHISON#Claro
PY#COPACO#Copaco
PY#PERSONAL#Personal
PY#TIGO#Tigo
PY#VOX#Vox
PE#BITEL#Bitel
PE#CLARO#Claro
PE#ENTEL#Entel
PE#MOVISTAR#Movistar
PH#GLOBE#Globe
PH#ISLACOM#Islacom
PH#SMART#Smart
PH#SUN CELLULAR#Sun Cellular
PL#AERO2#Aero2
PL#ORANGE#Orange
PL#PLAY#Play
PL#PLUS#Plus
PL#T-MOBILE#T-Mobile
PL#TRUPHONE#Truphone
PT#MEO#Meo
PT#NOS#NOS
PT#VODAFONE#Vodafone
PR#CLARO PUERTO RICO#Claro
PR#OPEN MOBILE#Open Mobile
QA#OOREDOO#Ooredoo
QA#VODAFONE#Vodafone
RO#DIGI.MOBIL#Digi.Mobile
RO#ORANGE#Orange
RO#TELEKOM#Telekom
RO#TELEKOM/ZAPP#Telekom
RO#VODAFONE#Vodafone
RU#BAYKALWESTCOM#Baykalwestcom
RU#BEELINE#Beeline
RU#MEGAFON#MegaFon
RU#MOTIV#Motiv
RU#MTS#MTS
RU#PRIMTELEFON#Primtelefon
RU#ROSTELECOM#Rostelecom
RU#SKYLINK#Skylink
RU#SMARTS#Smarts
RU#TELE2#Tele2
RU#UTEL#Utel
RW#AIRTEL#Airtel
RW#MTN#MTN
RW#TIGO#Tigo
WS#DIGICEL#Digicel
SA#AL JAWAL STC#Al Jawal
SA#MOBILY#Mobily
SA#ZAIN SA#Zain
SN#ORANGE#Orange
SN#TIGO#Tigo
RS#MT:S#mt:s
RS#TELENOR#Telenor
RS#VIP#VIP
SC#CABLE WIRELESS#Cable Wireless
SL#AFRICELL#Africell
SL#ORANGE#Orange
SG#M1#M1
SG#SINGTEL#Singtel
SG#STARHUB#StarHub
SK#4KA#4ka
SK#O2#O2
SK#ORANGE#Orange
SK#TELEKOM#Telekom
SI#A1#A1 Net
SI#MOBITEL#Mobitel
SI#TELEMACH#Telemach
SB#BEMOBILE#BeMobile
SO#GOLIS#Golis Telecom
SO#HORMUUD#Hormuud
SO#SOMTEL#Somtel
SO#TELESOM#Telesom
ZA#CELL C#Cell C
ZA#MTN#MTN
ZA#TELKOM#Telkom
ZA#VODACOM#Vodacom
KR#KT#KT
KR#LG U +#LG U
KR#SKTELECOM#KT
SS#MTN#MTN
SS#ZAIN#Zain
ES#EUSKALTEL#Euskaltel
ES#MOVISTAR#Movistar
ES#ORANGE#Orange
ES#VODAFONE#Vodafone
ES#YOIGO#Yoigo
LK#AIRTEL#Airtel
LK#DIALOG#Dialog
LK#ETISALAT#Etisalat
LK#HUTCH#Hutch
LK#MOBITEL#Mobitel
LC#DIGICEL#Digicel
SD#CANAR#Canar
SD#MTN#MTN
SD#SUDANI ONE#Sudani One
SD#ZAIN SD#Zain
SR#DIGICEL#Digicel
SZ#SWAZI MTN#Swazi MTN
SE#3#3
SE#SWEDEN 3G#3
SE#TELE2#Tele2
SE#TELENOR#Telenor
SE#TELIA#Telia
CH#SALT#Salt
CH#SUNRISE#Sunrise
CH#SWISSCOM#Swisscom
CH#SWISSCOM SCHWEIZ AG#Swisscom
CH#UPC CABLECOM#UPC cablecom
SY#MTN#MTN
SY#SYRIATEL#Syriatel
TW#APTG#Aptg
TW#CHUNGWA#Chungwa
TW#FAREASTONE#FarEasTone
TW#TAIWAN MOBILE#Taiwan Mobile
TZ#AIRTEL#Airtel
TZ#TIGO#Tigo
TZ#VODACOM#Vodacom
TH#AIS#AIS
TH#DTAC#DTAC
TH#TOT 3G#TOT 3G
TG#MOOV#Moov
TO#DIGICEL#Digicel
TT#BMOBILE#bmobile
TT#DIGICEL#Digicel
TN#OOREDOO TN#Ooredoo
TN#ORANGE#Orange
TN#TUNICELL#Tunicell
TR#TURK TELEKOM#Turk Telekom
TR#TURKCELL#Turkcell
TR#VODAFONE#Vodafone
TM#MTS#MTS
AE#DU#DU
AE#ETISALAT#Etisalat
UG#AFRICELL#Africell
UG#AIRTEL#Airtel
UG#MTN#MTN
GB#3#3
GB#AIRTEL VODAFONE#Airtel Vodafone
GB#BT#BT
GB#LYCAMOBILE#Lycamobile
GB#O2 UK#O2
GB#ORANGE UK#Orange
GB#PRONTO GSM#Pronto GSM
GB#RELISH#Relish
GB#T-MOBILE UK#T-Mobile
GB#TRUPHONE#Truphone
GB#VECTONE MOBILE#Vectone Mobile
GB#VIRGIN MOBILE#Virgin Mobile
GB#VODAFONE UK#Vodafone
UA#3MOB#3Mob
UA#KYIVSTAR#Kyivstar
UA#LIFECELL#Life
UA#VODAFONE#Vodafone
UY#ANTEL#ANTEL
UY#CLARO#Claro
UY#MOVISTAR#Movistar
US#AERIS#Aeris
US#APPALACHIAN WIRELESS#Appalachian Wireless
US#ASTAC#ASTAC
US#BLUEGRASS CELLULAR LLC#Bluegrass
US#BUG TUSSEL WIRELESS#Bug Tussel Wireless
US#C SPIRE WIRELESS#C Spire Wireless
US#CAROLINA WEST WIRELESS#Carolina West Wireless
US#CELLCOM#Cellcom
US#CELLULAR ONE#Cellular One
US#CELLULAR ONE OF EAST TEXAS#Cellular One
US#CINCINNATI BELL#Cincinnati Bell
US#FIVE STAR WIRELESS#Five Star Wireless
US#GCI#GCI
US#INLAND CELLULAR TELEPHONE COMPANY#Inland Cellular
US#LYCAMOBILE#Lycamobile
US#METROPCS#MetroPCS
US#NEWCORE#NewCore
US#NEX-TECH WIRELESS#Nex-Tech Wireless
US#PIONEER CELLULAR#Pioneer Cellular
US#SPRINT#Sprint
US#T-MOBILE#T-Mobile
US#U.S. CELLULAR#U.S. Cellular
US#VERIZON#Verizon
US#VIAERO#Viaero
US#VIRGIN MOBILE#Virgin Mobile
US#WEST CENTRAL#West Central
UZ#BEELINE#Beeline
UZ#UCELL#Ucell
UZ#UMS#UMS
VU#DIGICEL#Digicel
VE#DIGITEL#Digitel
VE#MOVILNET#Movilnet
VE#MOVISTAR#Movistar
VN#MOBIFONE#MobiFone
VN#VIETNAMOBILE#Vietnamobile
VN#VIETTEL MOBILE#Viettel Mobile
VN#VINAPHONE#Vinaphone
YE#YEMEN MOBILE#Yemen Mobile
ZM#AIRTEL#Airtel
ZM#MTN#MTN
ZM#ZAMTEL#Zamtel
ZW#ECONET#Econet
PS#JAWWAL#Jawwal
PS#WATANIYA#Wataniya
PS#JAWWAL#Jawwal
PS#WATANIYA#Wataniya
RE#FREE#Free
AT#A1.NET#A1 Net
BD#BANGALINK#Banglalink
BG#M-TEL#Mtel
BF#TELECEL FASO#Telcel Faso
KH#SEATEL#Sea Tel
CM#MTN CAMEROON#MTN Group
CZ#NORDIC TELECOM S.R.O.#Nordic Telekom
EE#TELE 2#Tele2
FI#NOKIA SOLUTIONS AND NETWORKS OY#Nokia Network
GN#TELECEL GUINEE#Telcel
GY#GTT CELLINK PLUS#GT&T Cellink Plus
IT#POSTE MOBILE#PosteMobile
LT#TELE 2#Tele2
MX#ATT#AT&T
ES#MOBIL R#MobilR
TH#TRUEMOVE#True Corporation
TH#TRUEMOVE H#True Corporation
TM#TM-CELL#TM CELL
GB#TALK TALK#TalkTalk
US#ATT#AT&T
US#ETEX WIRELESS#Etex Cellular